{
  "project_info": {
    "project_number": "778817274915",
    "project_id": "foodhunt-ef6c4",
    "storage_bucket": "foodhunt-ef6c4.appspot.com"
  },
  "client": [
    {
      "client_info": {
        "mobilesdk_app_id": "1:778817274915:android:44599a085cf4edddd81d96",
        "android_client_info": {
          "package_name": "com.example.foodhunt"
        }
      },
      "oauth_client": [
        {
          "client_id": "778817274915-95r6s74do9ic3rm0gg2krd43s0j5jm9c.apps.googleusercontent.com",
          "client_type": 3
        }
      ],
      "api_key": [
        {
          "current_key": "AIzaSyBxw0lamGmf34bVVrH3TGLEgvP8qdm-aZ4"
        }
      ],
      "services": {
        "appinvite_service": {
          "other_platform_oauth_client": [
            {
              "client_id": "778817274915-95r6s74do9ic3rm0gg2krd43s0j5jm9c.apps.googleusercontent.com",
              "client_type": 3
            }
          ]
        }
      }
    }
  ],
  "configuration_version": "1"
}